project,rank,allmethod,exam,formular,win,methodid
Math1,22,597,0.0368509212730318,formula-zoltar,9,528
Math1,8,597,0.0134003350083752,formula-zoltar,9,435
Math2,38,322,0.1180124223602484,formula-zoltar,9,97
Math3,1,105,0.0095238095238095,formula-zoltar,9,18
Math3,1,105,0.0095238095238095,formula-zoltar,9,18
Math4,40,478,0.0836820083682008,formula-zoltar,9,236
Math4,42,478,0.0878661087866108,formula-zoltar,9,249
Math5,6,62,0.0967741935483871,formula-zoltar,9,31
Math6,483,1123,0.4300979519145147,formula-zoltar,9,700
Math6,483,1123,0.4300979519145147,formula-zoltar,9,700
Math6,483,1123,0.4300979519145147,formula-zoltar,9,700
Math6,576,1123,0.5129118432769367,formula-zoltar,9,215
Math6,576,1123,0.5129118432769367,formula-zoltar,9,215
Math6,576,1123,0.5129118432769367,formula-zoltar,9,215
Math6,576,1123,0.5129118432769367,formula-zoltar,9,215
Math6,342,1123,0.3045414069456812,formula-zoltar,9,609
Math6,342,1123,0.3045414069456812,formula-zoltar,9,609
Math6,665,1123,0.5921638468388246,formula-zoltar,9,973
Math6,665,1123,0.5921638468388246,formula-zoltar,9,973
Math6,665,1123,0.5921638468388246,formula-zoltar,9,973
Math6,21,1123,0.0186999109528049,formula-zoltar,9,1014
Math6,681,1123,0.6064113980409617,formula-zoltar,9,52
Math6,681,1123,0.6064113980409617,formula-zoltar,9,52
Math6,681,1123,0.6064113980409617,formula-zoltar,9,52
Math6,24,1123,0.0213713268032057,formula-zoltar,9,113
Math7,3,611,0.0049099836333878,formula-zoltar,9,100
Math7,3,611,0.0049099836333878,formula-zoltar,9,100
Math7,3,611,0.0049099836333878,formula-zoltar,9,100
Math7,3,611,0.0049099836333878,formula-zoltar,9,100
Math7,3,611,0.0049099836333878,formula-zoltar,9,100
Math7,3,611,0.0049099836333878,formula-zoltar,9,100
Math7,3,611,0.0049099836333878,formula-zoltar,9,100
Math7,3,611,0.0049099836333878,formula-zoltar,9,100
Math7,3,611,0.0049099836333878,formula-zoltar,9,100
Math9,2,272,0.0073529411764705,formula-zoltar,9,71
Math10,1,341,0.002932551319648,formula-zoltar,9,215
Math11,68,872,0.0779816513761468,formula-zoltar,9,830
Math13,207,1265,0.1636363636363636,formula-zoltar,9,769
Math13,207,1265,0.1636363636363636,formula-zoltar,9,769
Math14,105,1064,0.0986842105263157,formula-zoltar,9,308
Math14,105,1064,0.0986842105263157,formula-zoltar,9,308
Math14,105,1064,0.0986842105263157,formula-zoltar,9,308
Math14,131,1064,0.1231203007518797,formula-zoltar,9,790
Math14,184,1064,0.1729323308270676,formula-zoltar,9,60
Math14,184,1064,0.1729323308270676,formula-zoltar,9,60
Math15,1,367,0.0027247956403269,formula-zoltar,9,112
Math16,67,380,0.1763157894736842,formula-zoltar,9,53
Math16,242,380,0.6368421052631579,formula-zoltar,9,332
Math16,242,380,0.6368421052631579,formula-zoltar,9,114
Math16,67,380,0.1763157894736842,formula-zoltar,9,53
Math16,67,380,0.1763157894736842,formula-zoltar,9,53
Math16,67,380,0.1763157894736842,formula-zoltar,9,53
Math16,67,380,0.1763157894736842,formula-zoltar,9,53
Math16,242,380,0.6368421052631579,formula-zoltar,9,332
Math16,242,380,0.6368421052631579,formula-zoltar,9,332
Math16,242,380,0.6368421052631579,formula-zoltar,9,332
Math16,242,380,0.6368421052631579,formula-zoltar,9,332
Math17,2,158,0.0126582278481012,formula-zoltar,9,112
Math18,15,844,0.0177725118483412,formula-zoltar,9,30
Math18,11,844,0.0130331753554502,formula-zoltar,9,278
Math18,13,844,0.0154028436018957,formula-zoltar,9,758
Math18,13,844,0.0154028436018957,formula-zoltar,9,758
Math18,13,844,0.0154028436018957,formula-zoltar,9,758
Math19,60,722,0.0831024930747922,formula-zoltar,9,28
Math20,19,852,0.022300469483568,formula-zoltar,9,355
Math21,3,678,0.0044247787610619,formula-zoltar,9,482
Math21,3,678,0.0044247787610619,formula-zoltar,9,276
Math21,3,678,0.0044247787610619,formula-zoltar,9,276
Math21,1,678,0.0014749262536873,formula-zoltar,9,670
Math21,1,678,0.0014749262536873,formula-zoltar,9,670
Math21,1,678,0.0014749262536873,formula-zoltar,9,670
Math21,1,678,0.0014749262536873,formula-zoltar,9,670
Math21,1,678,0.0014749262536873,formula-zoltar,9,670
Math21,1,678,0.0014749262536873,formula-zoltar,9,670
Math21,1,678,0.0014749262536873,formula-zoltar,9,670
Math21,1,678,0.0014749262536873,formula-zoltar,9,670
Math22,7,433,0.0161662817551963,formula-zoltar,9,377
Math22,6,433,0.0138568129330254,formula-zoltar,9,116
Math23,65,320,0.203125,formula-zoltar,9,19
Math23,65,320,0.203125,formula-zoltar,9,19
Math23,65,320,0.203125,formula-zoltar,9,19
Math23,65,320,0.203125,formula-zoltar,9,19
Math23,65,320,0.203125,formula-zoltar,9,19
Math24,68,326,0.2085889570552147,formula-zoltar,9,19
Math24,68,326,0.2085889570552147,formula-zoltar,9,19
Math25,1,357,0.0028011204481792,formula-zoltar,9,284
Math25,1,357,0.0028011204481792,formula-zoltar,9,284
Math26,3,619,0.0048465266558966,formula-zoltar,9,556
Math26,3,619,0.0048465266558966,formula-zoltar,9,556
Math27,1,285,0.0035087719298245,formula-zoltar,9,10
Math28,22,756,0.0291005291005291,formula-zoltar,9,459
Math28,22,756,0.0291005291005291,formula-zoltar,9,459
Math28,22,756,0.0291005291005291,formula-zoltar,9,459
Math28,22,756,0.0291005291005291,formula-zoltar,9,459
Math29,1,627,0.0015948963317384,formula-zoltar,9,68
Math29,1,627,0.0015948963317384,formula-zoltar,9,68
Math29,1,627,0.0015948963317384,formula-zoltar,9,68
Math29,1,627,0.0015948963317384,formula-zoltar,9,68
Math29,1,627,0.0015948963317384,formula-zoltar,9,10
Math30,16,430,0.0372093023255813,formula-zoltar,9,75
Math31,11,560,0.0196428571428571,formula-zoltar,9,303
Math31,11,560,0.0196428571428571,formula-zoltar,9,303
Math31,11,560,0.0196428571428571,formula-zoltar,9,303
Math31,11,560,0.0196428571428571,formula-zoltar,9,303
Math31,11,560,0.0196428571428571,formula-zoltar,9,303
Math31,11,560,0.0196428571428571,formula-zoltar,9,303
Math31,11,560,0.0196428571428571,formula-zoltar,9,303
Math31,11,560,0.0196428571428571,formula-zoltar,9,303
Math31,11,560,0.0196428571428571,formula-zoltar,9,303
Math31,11,560,0.0196428571428571,formula-zoltar,9,303
Math31,11,560,0.0196428571428571,formula-zoltar,9,303
Math31,11,560,0.0196428571428571,formula-zoltar,9,303
Math31,11,560,0.0196428571428571,formula-zoltar,9,303
Math31,11,560,0.0196428571428571,formula-zoltar,9,303
Math31,11,560,0.0196428571428571,formula-zoltar,9,303
Math31,11,560,0.0196428571428571,formula-zoltar,9,303
Math31,11,560,0.0196428571428571,formula-zoltar,9,303
Math31,11,560,0.0196428571428571,formula-zoltar,9,303
Math31,11,560,0.0196428571428571,formula-zoltar,9,303
Math31,11,560,0.0196428571428571,formula-zoltar,9,303
Math31,11,560,0.0196428571428571,formula-zoltar,9,303
Math31,11,560,0.0196428571428571,formula-zoltar,9,303
Math31,11,560,0.0196428571428571,formula-zoltar,9,303
Math31,11,560,0.0196428571428571,formula-zoltar,9,303
Math31,11,560,0.0196428571428571,formula-zoltar,9,303
Math31,11,560,0.0196428571428571,formula-zoltar,9,303
Math31,11,560,0.0196428571428571,formula-zoltar,9,303
Math31,11,560,0.0196428571428571,formula-zoltar,9,303
Math31,11,560,0.0196428571428571,formula-zoltar,9,303
Math31,11,560,0.0196428571428571,formula-zoltar,9,303
Math31,11,560,0.0196428571428571,formula-zoltar,9,303
Math31,11,560,0.0196428571428571,formula-zoltar,9,303
Math31,11,560,0.0196428571428571,formula-zoltar,9,303
Math32,17,670,0.0253731343283582,formula-zoltar,9,414
Math33,16,726,0.0220385674931129,formula-zoltar,9,292
Math34,9,77,0.1168831168831168,formula-zoltar,9,59
Math35,5,378,0.0132275132275132,formula-zoltar,9,77
Math35,8,378,0.0211640211640211,formula-zoltar,9,370
Math36,368,432,0.8518518518518519,formula-zoltar,9,198
Math36,368,432,0.8518518518518519,formula-zoltar,9,198
Math36,4,432,0.0092592592592592,formula-zoltar,9,196
Math36,5,432,0.011574074074074,formula-zoltar,9,207
Math37,8,246,0.032520325203252,formula-zoltar,9,18
Math37,8,246,0.032520325203252,formula-zoltar,9,32
Math37,8,246,0.032520325203252,formula-zoltar,9,18
Math37,8,246,0.032520325203252,formula-zoltar,9,32
Math38,2,491,0.0040733197556008,formula-zoltar,9,261
Math38,2,491,0.0040733197556008,formula-zoltar,9,261
Math38,2,491,0.0040733197556008,formula-zoltar,9,261
Math38,2,491,0.0040733197556008,formula-zoltar,9,261
Math39,43,562,0.0765124555160142,formula-zoltar,9,242
Math40,24,269,0.0892193308550185,formula-zoltar,9,36
Math40,24,269,0.0892193308550185,formula-zoltar,9,36
Math41,1,302,0.0033112582781456,formula-zoltar,9,179
Math42,14,704,0.0198863636363636,formula-zoltar,9,283
Math42,14,704,0.0198863636363636,formula-zoltar,9,283
Math43,78,484,0.1611570247933884,formula-zoltar,9,248
Math43,78,484,0.1611570247933884,formula-zoltar,9,248
Math43,78,484,0.1611570247933884,formula-zoltar,9,248
Math44,150,596,0.2516778523489933,formula-zoltar,9,106
Math44,14,596,0.023489932885906,formula-zoltar,9,92
Math44,14,596,0.023489932885906,formula-zoltar,9,92
Math45,1,688,0.001453488372093,formula-zoltar,9,451
Math46,5,288,0.0173611111111111,formula-zoltar,9,19
Math46,25,288,0.0868055555555555,formula-zoltar,9,170
Math47,4,290,0.0137931034482758,formula-zoltar,9,18
Math47,4,290,0.0137931034482758,formula-zoltar,9,18
Math47,14,290,0.0482758620689655,formula-zoltar,9,55
Math47,53,290,0.1827586206896551,formula-zoltar,9,51
Math48,345,601,0.5740432612312812,formula-zoltar,9,190
Math49,53,536,0.0988805970149253,formula-zoltar,9,414
Math49,16,536,0.0298507462686567,formula-zoltar,9,31
Math49,10,536,0.0186567164179104,formula-zoltar,9,8
Math49,10,536,0.0186567164179104,formula-zoltar,9,8
Math50,1,589,0.0016977928692699,formula-zoltar,9,189
Math50,1,589,0.0016977928692699,formula-zoltar,9,189
Math50,1,589,0.0016977928692699,formula-zoltar,9,189
Math50,1,589,0.0016977928692699,formula-zoltar,9,189
Math51,21,271,0.077490774907749,formula-zoltar,9,49
Math51,21,271,0.077490774907749,formula-zoltar,9,49
Math51,21,271,0.077490774907749,formula-zoltar,9,49
Math52,5,373,0.0134048257372654,formula-zoltar,9,154
Math52,8,373,0.0214477211796246,formula-zoltar,9,233
Math52,7,373,0.0187667560321715,formula-zoltar,9,111
Math53,3,79,0.0379746835443038,formula-zoltar,9,29
Math54,5,361,0.0138504155124653,formula-zoltar,9,249
Math54,122,361,0.3379501385041551,formula-zoltar,9,110
Math56,1,251,0.0039840637450199,formula-zoltar,9,178
Math56,1,251,0.0039840637450199,formula-zoltar,9,178
Math56,1,251,0.0039840637450199,formula-zoltar,9,178
Math56,2,251,0.0079681274900398,formula-zoltar,9,40
Math56,2,251,0.0079681274900398,formula-zoltar,9,40
Math56,2,251,0.0079681274900398,formula-zoltar,9,40
Math56,2,251,0.0079681274900398,formula-zoltar,9,40
Math57,1,244,0.0040983606557377,formula-zoltar,9,52
Math58,419,590,0.7101694915254237,formula-zoltar,9,397
Math59,2,398,0.0050251256281407,formula-zoltar,9,251
Math60,101,292,0.3458904109589041,formula-zoltar,9,51
Math60,101,292,0.3458904109589041,formula-zoltar,9,51
Math60,104,292,0.3561643835616438,formula-zoltar,9,51
Math60,104,292,0.3561643835616438,formula-zoltar,9,51
Math60,104,292,0.3561643835616438,formula-zoltar,9,51
Math60,104,292,0.3561643835616438,formula-zoltar,9,51
Math60,104,292,0.3561643835616438,formula-zoltar,9,51
Math60,104,292,0.3561643835616438,formula-zoltar,9,51
Math60,104,292,0.3561643835616438,formula-zoltar,9,51
Math60,104,292,0.3561643835616438,formula-zoltar,9,51
Math61,2,481,0.0041580041580041,formula-zoltar,9,29
Math64,8,45,0.1777777777777777,formula-zoltar,9,40
Math64,5,45,0.1111111111111111,formula-zoltar,9,23
Math64,5,45,0.1111111111111111,formula-zoltar,9,23
Math64,5,45,0.1111111111111111,formula-zoltar,9,23
Math64,5,45,0.1111111111111111,formula-zoltar,9,23
Math64,5,45,0.1111111111111111,formula-zoltar,9,23
Math64,5,45,0.1111111111111111,formula-zoltar,9,23
Math64,5,45,0.1111111111111111,formula-zoltar,9,23
Math64,10,45,0.2222222222222222,formula-zoltar,9,34
Math64,9,45,0.2,formula-zoltar,9,41
Math64,5,45,0.1111111111111111,formula-zoltar,9,23
Math64,5,45,0.1111111111111111,formula-zoltar,9,23
Math64,5,45,0.1111111111111111,formula-zoltar,9,23
Math64,5,45,0.1111111111111111,formula-zoltar,9,23
Math64,5,45,0.1111111111111111,formula-zoltar,9,23
Math64,5,45,0.1111111111111111,formula-zoltar,9,23
Math65,14,368,0.0380434782608695,formula-zoltar,9,255
Math65,14,368,0.0380434782608695,formula-zoltar,9,255
Math65,13,368,0.0353260869565217,formula-zoltar,9,307
Math65,13,368,0.0353260869565217,formula-zoltar,9,307
Math65,13,368,0.0353260869565217,formula-zoltar,9,307
Math65,13,368,0.0353260869565217,formula-zoltar,9,307
Math65,12,368,0.0326086956521739,formula-zoltar,9,187
Math66,208,368,0.5652173913043478,formula-zoltar,9,216
Math66,210,368,0.5706521739130435,formula-zoltar,9,56
Math66,210,368,0.5706521739130435,formula-zoltar,9,56
Math66,210,368,0.5706521739130435,formula-zoltar,9,56
Math66,210,368,0.5706521739130435,formula-zoltar,9,56
Math66,209,368,0.5679347826086957,formula-zoltar,9,218
Math66,209,368,0.5679347826086957,formula-zoltar,9,218
Math66,209,368,0.5679347826086957,formula-zoltar,9,218
Math66,211,368,0.5733695652173914,formula-zoltar,9,49
Math66,205,368,0.5570652173913043,formula-zoltar,9,31
Math66,205,368,0.5570652173913043,formula-zoltar,9,31
Math66,205,368,0.5570652173913043,formula-zoltar,9,31
Math66,205,368,0.5570652173913043,formula-zoltar,9,31
Math66,205,368,0.5570652173913043,formula-zoltar,9,31
Math66,205,368,0.5570652173913043,formula-zoltar,9,31
Math66,205,368,0.5570652173913043,formula-zoltar,9,31
Math66,205,368,0.5570652173913043,formula-zoltar,9,31
Math66,205,368,0.5570652173913043,formula-zoltar,9,31
Math68,2,40,0.05,formula-zoltar,9,18
Math68,2,40,0.05,formula-zoltar,9,18
Math68,13,40,0.325,formula-zoltar,9,35
Math68,8,40,0.2,formula-zoltar,9,30
Math68,8,40,0.2,formula-zoltar,9,30
Math68,2,40,0.05,formula-zoltar,9,18
Math68,2,40,0.05,formula-zoltar,9,18
Math68,2,40,0.05,formula-zoltar,9,18
Math68,2,40,0.05,formula-zoltar,9,18
Math69,19,376,0.050531914893617,formula-zoltar,9,140
Math70,5,6,0.8333333333333334,formula-zoltar,9,5
Math71,2,263,0.0076045627376425,formula-zoltar,9,167
Math71,4,263,0.0152091254752851,formula-zoltar,9,162
Math72,1,8,0.125,formula-zoltar,9,6
Math72,2,8,0.25,formula-zoltar,9,3
Math73,3,8,0.375,formula-zoltar,9,3
Math74,284,746,0.3806970509383378,formula-zoltar,9,297
Math74,284,746,0.3806970509383378,formula-zoltar,9,297
Math74,284,746,0.3806970509383378,formula-zoltar,9,297
Math74,284,746,0.3806970509383378,formula-zoltar,9,297
Math75,9,48,0.1875,formula-zoltar,9,37
Math76,1,384,0.0026041666666666,formula-zoltar,9,14
Math76,1,384,0.0026041666666666,formula-zoltar,9,14
Math76,1,384,0.0026041666666666,formula-zoltar,9,14
Math76,1,384,0.0026041666666666,formula-zoltar,9,14
Math76,1,384,0.0026041666666666,formula-zoltar,9,14
Math76,1,384,0.0026041666666666,formula-zoltar,9,14
Math76,1,384,0.0026041666666666,formula-zoltar,9,14
Math76,1,384,0.0026041666666666,formula-zoltar,9,14
Math76,1,384,0.0026041666666666,formula-zoltar,9,14
Math76,1,384,0.0026041666666666,formula-zoltar,9,14
Math76,1,384,0.0026041666666666,formula-zoltar,9,14
Math76,1,384,0.0026041666666666,formula-zoltar,9,14
Math77,2,654,0.0030581039755351,formula-zoltar,9,405
Math77,10,654,0.0152905198776758,formula-zoltar,9,301
Math77,10,654,0.0152905198776758,formula-zoltar,9,301
Math77,10,654,0.0152905198776758,formula-zoltar,9,301
Math77,10,654,0.0152905198776758,formula-zoltar,9,301
Math77,10,654,0.0152905198776758,formula-zoltar,9,301
Math77,10,654,0.0152905198776758,formula-zoltar,9,301
Math77,10,654,0.0152905198776758,formula-zoltar,9,301
Math77,10,654,0.0152905198776758,formula-zoltar,9,301
Math77,10,654,0.0152905198776758,formula-zoltar,9,301
Math78,16,59,0.2711864406779661,formula-zoltar,9,56
Math78,21,59,0.3559322033898305,formula-zoltar,9,13
Math78,21,59,0.3559322033898305,formula-zoltar,9,13
Math79,28,43,0.6511627906976745,formula-zoltar,9,17
Math79,28,43,0.6511627906976745,formula-zoltar,9,17
Math82,10,425,0.0235294117647058,formula-zoltar,9,91
Math83,40,425,0.0941176470588235,formula-zoltar,9,184
Math83,1,425,0.0023529411764705,formula-zoltar,9,176
Math83,1,425,0.0023529411764705,formula-zoltar,9,176
Math87,2,235,0.0085106382978723,formula-zoltar,9,126
Math87,2,235,0.0085106382978723,formula-zoltar,9,126
Math87,5,235,0.0212765957446808,formula-zoltar,9,91
Math87,5,235,0.0212765957446808,formula-zoltar,9,91
Math88,1,235,0.0042553191489361,formula-zoltar,9,134
Math88,1,235,0.0042553191489361,formula-zoltar,9,134
Math88,1,235,0.0042553191489361,formula-zoltar,9,134
Math88,1,235,0.0042553191489361,formula-zoltar,9,134
Math88,1,235,0.0042553191489361,formula-zoltar,9,134
Math88,1,235,0.0042553191489361,formula-zoltar,9,134
Math88,2,235,0.0085106382978723,formula-zoltar,9,49
Math88,2,235,0.0085106382978723,formula-zoltar,9,49
Math88,1,235,0.0042553191489361,formula-zoltar,9,134
Math89,2,45,0.0444444444444444,formula-zoltar,9,29
Math89,2,45,0.0444444444444444,formula-zoltar,9,1
Math90,1,42,0.0238095238095238,formula-zoltar,9,1
Math91,3,59,0.0508474576271186,formula-zoltar,9,32
Math91,3,59,0.0508474576271186,formula-zoltar,9,32
Math92,1,13,0.0769230769230769,formula-zoltar,9,3
Math92,2,13,0.1538461538461538,formula-zoltar,9,0
Math92,2,13,0.1538461538461538,formula-zoltar,9,0
Math92,2,13,0.1538461538461538,formula-zoltar,9,0
Math92,2,13,0.1538461538461538,formula-zoltar,9,0
Math92,3,13,0.2307692307692307,formula-zoltar,9,5
Math92,2,13,0.1538461538461538,formula-zoltar,9,0
Math92,3,13,0.2307692307692307,formula-zoltar,9,7
Math92,3,13,0.2307692307692307,formula-zoltar,9,5
Math92,3,13,0.2307692307692307,formula-zoltar,9,5
Math92,11,13,0.8461538461538461,formula-zoltar,9,2
Math92,11,13,0.8461538461538461,formula-zoltar,9,2
Math93,2,14,0.1428571428571428,formula-zoltar,9,1
Math93,2,14,0.1428571428571428,formula-zoltar,9,1
Math93,2,14,0.1428571428571428,formula-zoltar,9,1
Math93,2,14,0.1428571428571428,formula-zoltar,9,1
Math94,2,14,0.1428571428571428,formula-zoltar,9,1
Math96,5,44,0.1136363636363636,formula-zoltar,9,10
Math97,2,1,2.0,formula-zoltar,9,0
Math97,1,1,1.0,formula-zoltar,9,0
Math97,2,1,2.0,formula-zoltar,9,0
Math97,1,1,1.0,formula-zoltar,9,0
Math97,1,1,1.0,formula-zoltar,9,0
Math98,1,1,1.0,formula-zoltar,9,0
Math99,2,17,0.1176470588235294,formula-zoltar,9,2
Math99,2,17,0.1176470588235294,formula-zoltar,9,2
Math101,1,32,0.03125,formula-zoltar,9,2
Math102,1,213,0.0046948356807511,formula-zoltar,9,35
Math102,1,213,0.0046948356807511,formula-zoltar,9,35
Math102,1,213,0.0046948356807511,formula-zoltar,9,35
Math103,25,30,0.8333333333333334,formula-zoltar,9,21
Math103,25,30,0.8333333333333334,formula-zoltar,9,21
Math105,18,36,0.5,formula-zoltar,9,18
Math106,1,31,0.032258064516129,formula-zoltar,9,19
Math106,1,31,0.032258064516129,formula-zoltar,9,19
Math106,1,31,0.032258064516129,formula-zoltar,9,19
Math106,1,31,0.032258064516129,formula-zoltar,9,19
Chart1,1,1402,0.0007132667617689,formula-zoltar,9,1020
Chart2,63,230,0.2739130434782608,formula-zoltar,9,105
Chart2,63,230,0.2739130434782608,formula-zoltar,9,105
Chart2,63,230,0.2739130434782608,formula-zoltar,9,105
Chart2,63,230,0.2739130434782608,formula-zoltar,9,105
Chart2,64,230,0.2782608695652174,formula-zoltar,9,61
Chart2,64,230,0.2782608695652174,formula-zoltar,9,61
Chart2,64,230,0.2782608695652174,formula-zoltar,9,61
Chart2,64,230,0.2782608695652174,formula-zoltar,9,61
Chart3,1,197,0.0050761421319796,formula-zoltar,9,25
Chart4,5,3892,0.001284686536485,formula-zoltar,9,869
Chart4,7,3892,0.0017985611510791,formula-zoltar,9,2459
Chart5,2,104,0.0192307692307692,formula-zoltar,9,5
Chart5,2,104,0.0192307692307692,formula-zoltar,9,5
Chart6,8,98,0.0816326530612244,formula-zoltar,9,13
Chart7,2,158,0.0126582278481012,formula-zoltar,9,78
Chart7,2,158,0.0126582278481012,formula-zoltar,9,78
Chart8,5,45,0.1111111111111111,formula-zoltar,9,13
Chart9,2,305,0.0065573770491803,formula-zoltar,9,97
Chart10,1,4,0.25,formula-zoltar,9,66
Chart11,1,30,0.0333333333333333,formula-zoltar,9,0
Chart12,10,1010,0.0099009900990099,formula-zoltar,9,627
Chart13,1,205,0.0048780487804878,formula-zoltar,9,140
Chart14,7,1460,0.0047945205479452,formula-zoltar,9,19
Chart14,1,1460,0.0006849315068493,formula-zoltar,9,237
Chart14,6,1460,0.0041095890410958,formula-zoltar,9,1128
Chart14,1,1460,0.0006849315068493,formula-zoltar,9,316
Chart15,60,2342,0.0256191289496157,formula-zoltar,9,487
Chart15,30,2342,0.0128095644748078,formula-zoltar,9,881
Chart15,30,2342,0.0128095644748078,formula-zoltar,9,638
Chart16,22,90,0.2444444444444444,formula-zoltar,9,64
Chart16,22,90,0.2444444444444444,formula-zoltar,9,64
Chart16,1,90,0.0111111111111111,formula-zoltar,9,72
Chart17,1,322,0.0031055900621118,formula-zoltar,9,24
Chart18,1,121,0.0082644628099173,formula-zoltar,9,65
Chart18,1,121,0.0082644628099173,formula-zoltar,9,65
Chart18,3,121,0.024793388429752,formula-zoltar,9,100
Chart18,10,121,0.0826446280991735,formula-zoltar,9,9
Chart18,10,121,0.0826446280991735,formula-zoltar,9,9
Chart18,10,121,0.0826446280991735,formula-zoltar,9,9
Chart19,12,1095,0.010958904109589,formula-zoltar,9,921
Chart19,2,1095,0.0018264840182648,formula-zoltar,9,498
Chart20,29,168,0.1726190476190476,formula-zoltar,9,58
Chart21,3,191,0.0157068062827225,formula-zoltar,9,13
Chart21,3,191,0.0157068062827225,formula-zoltar,9,13
Chart21,26,191,0.1361256544502617,formula-zoltar,9,130
Chart21,26,191,0.1361256544502617,formula-zoltar,9,6
Chart22,37,67,0.5522388059701493,formula-zoltar,9,49
Chart22,37,67,0.5522388059701493,formula-zoltar,9,49
Chart22,2,67,0.0298507462686567,formula-zoltar,9,63
Chart22,2,67,0.0298507462686567,formula-zoltar,9,62
Chart22,2,67,0.0298507462686567,formula-zoltar,9,62
Chart22,2,67,0.0298507462686567,formula-zoltar,9,62
Chart22,2,67,0.0298507462686567,formula-zoltar,9,62
Chart24,6,11,0.5454545454545454,formula-zoltar,9,10
Chart25,3,2427,0.0012360939431396,formula-zoltar,9,1078
Chart25,1309,2427,0.5393489905232798,formula-zoltar,9,79
Chart25,7,2427,0.0028842192006592,formula-zoltar,9,150
Chart25,3,2427,0.0012360939431396,formula-zoltar,9,1078
Chart25,3,2427,0.0012360939431396,formula-zoltar,9,1078
Chart25,1309,2427,0.5393489905232798,formula-zoltar,9,79
Chart26,429,4071,0.105379513633014,formula-zoltar,9,1494
Chart26,429,4071,0.105379513633014,formula-zoltar,9,1365
Mockito1,3,648,0.0046296296296296,formula-zoltar,9,433
Mockito2,6,432,0.0138888888888888,formula-zoltar,9,404
Mockito3,1,606,0.0016501650165016,formula-zoltar,9,402
Mockito3,1,606,0.0016501650165016,formula-zoltar,9,402
Mockito3,1,606,0.0016501650165016,formula-zoltar,9,402
Mockito3,1,606,0.0016501650165016,formula-zoltar,9,402
Mockito4,15,597,0.0251256281407035,formula-zoltar,9,407
Mockito4,20,597,0.033500837520938,formula-zoltar,9,387
Mockito4,1,597,0.0016750418760469,formula-zoltar,9,43
Mockito5,72,660,0.109090909090909,formula-zoltar,9,458
Mockito6,21,628,0.0334394904458598,formula-zoltar,9,475
Mockito6,23,628,0.036624203821656,formula-zoltar,9,265
Mockito6,26,628,0.0414012738853503,formula-zoltar,9,595
Mockito6,33,628,0.0525477707006369,formula-zoltar,9,270
Mockito6,34,628,0.054140127388535,formula-zoltar,9,603
Mockito6,27,628,0.0429936305732484,formula-zoltar,9,78
Mockito6,32,628,0.0509554140127388,formula-zoltar,9,130
Mockito6,15,628,0.0238853503184713,formula-zoltar,9,601
Mockito6,15,628,0.0238853503184713,formula-zoltar,9,310
Mockito6,6,628,0.0095541401273885,formula-zoltar,9,390
Mockito6,1,628,0.001592356687898,formula-zoltar,9,62
Mockito6,2,628,0.0031847133757961,formula-zoltar,9,59
Mockito6,3,628,0.0047770700636942,formula-zoltar,9,111
Mockito6,4,628,0.0063694267515923,formula-zoltar,9,87
Mockito6,7,628,0.0111464968152866,formula-zoltar,9,291
Mockito6,8,628,0.0127388535031847,formula-zoltar,9,423
Mockito6,9,628,0.0143312101910828,formula-zoltar,9,90
Mockito6,10,628,0.0159235668789808,formula-zoltar,9,332
Mockito6,10,628,0.0159235668789808,formula-zoltar,9,216
Mockito6,10,628,0.0159235668789808,formula-zoltar,9,206
Mockito7,8,530,0.0150943396226415,formula-zoltar,9,248
Mockito8,3,23,0.1304347826086956,formula-zoltar,9,8
Mockito9,241,604,0.3990066225165563,formula-zoltar,9,545
Mockito9,241,604,0.3990066225165563,formula-zoltar,9,545
Mockito9,241,604,0.3990066225165563,formula-zoltar,9,545
Mockito10,19,536,0.0354477611940298,formula-zoltar,9,275
Mockito10,15,536,0.0279850746268656,formula-zoltar,9,62
Mockito10,15,536,0.0279850746268656,formula-zoltar,9,62
Mockito10,21,536,0.0391791044776119,formula-zoltar,9,417
Mockito10,5,536,0.0093283582089552,formula-zoltar,9,34
Mockito10,5,536,0.0093283582089552,formula-zoltar,9,392
Mockito11,1,333,0.003003003003003,formula-zoltar,9,42
Mockito11,1,333,0.003003003003003,formula-zoltar,9,42
Mockito11,1,333,0.003003003003003,formula-zoltar,9,42
Mockito12,1,427,0.0023419203747072,formula-zoltar,9,116
Mockito12,1,427,0.0023419203747072,formula-zoltar,9,116
Mockito12,1,427,0.0023419203747072,formula-zoltar,9,116
Mockito14,117,411,0.2846715328467153,formula-zoltar,9,167
Mockito15,64,361,0.1772853185595568,formula-zoltar,9,16
Mockito15,64,361,0.1772853185595568,formula-zoltar,9,16
Mockito17,46,313,0.1469648562300319,formula-zoltar,9,191
Mockito17,153,313,0.4888178913738019,formula-zoltar,9,300
Mockito17,26,313,0.0830670926517571,formula-zoltar,9,52
Mockito17,26,313,0.0830670926517571,formula-zoltar,9,52
Mockito18,3,290,0.0103448275862068,formula-zoltar,9,20
Mockito19,18,515,0.0349514563106796,formula-zoltar,9,231
Mockito19,16,515,0.0310679611650485,formula-zoltar,9,153
Mockito19,3,515,0.0058252427184466,formula-zoltar,9,511
Mockito19,3,515,0.0058252427184466,formula-zoltar,9,511
Mockito19,3,515,0.0058252427184466,formula-zoltar,9,511
Mockito19,37,515,0.0718446601941747,formula-zoltar,9,221
Mockito19,37,515,0.0718446601941747,formula-zoltar,9,127
Mockito19,16,515,0.0310679611650485,formula-zoltar,9,153
Mockito19,3,515,0.0058252427184466,formula-zoltar,9,511
Mockito21,3,306,0.0098039215686274,formula-zoltar,9,301
Mockito21,6,306,0.0196078431372549,formula-zoltar,9,218
Mockito21,6,306,0.0196078431372549,formula-zoltar,9,218
Mockito21,6,306,0.0196078431372549,formula-zoltar,9,218
Mockito22,4,322,0.0124223602484472,formula-zoltar,9,117
Mockito23,4,555,0.0072072072072072,formula-zoltar,9,143
Mockito23,12,555,0.0216216216216216,formula-zoltar,9,17
Mockito23,9,555,0.0162162162162162,formula-zoltar,9,288
Mockito23,7,555,0.0126126126126126,formula-zoltar,9,34
Mockito24,2,785,0.0025477707006369,formula-zoltar,9,477
Mockito25,41,768,0.0533854166666666,formula-zoltar,9,226
Mockito25,41,768,0.0533854166666666,formula-zoltar,9,226
Mockito25,36,768,0.046875,formula-zoltar,9,422
Mockito25,35,768,0.0455729166666666,formula-zoltar,9,574
Mockito25,35,768,0.0455729166666666,formula-zoltar,9,574
Mockito25,35,768,0.0455729166666666,formula-zoltar,9,574
Mockito25,35,768,0.0455729166666666,formula-zoltar,9,574
Mockito25,35,768,0.0455729166666666,formula-zoltar,9,574
Mockito25,35,768,0.0455729166666666,formula-zoltar,9,574
Mockito25,35,768,0.0455729166666666,formula-zoltar,9,574
Mockito26,29,726,0.0399449035812672,formula-zoltar,9,455
Mockito27,15,454,0.0330396475770925,formula-zoltar,9,38
Mockito27,17,454,0.0374449339207048,formula-zoltar,9,103
Mockito28,16,384,0.0416666666666666,formula-zoltar,9,161
Mockito29,11,429,0.0256410256410256,formula-zoltar,9,230
Mockito30,2,231,0.0086580086580086,formula-zoltar,9,21
Mockito30,8,231,0.0346320346320346,formula-zoltar,9,218
Mockito30,2,231,0.0086580086580086,formula-zoltar,9,21
Mockito31,3,229,0.0131004366812227,formula-zoltar,9,217
Mockito31,3,229,0.0131004366812227,formula-zoltar,9,217
Mockito32,1,417,0.0023980815347721,formula-zoltar,9,193
Mockito33,18,421,0.0427553444180522,formula-zoltar,9,347
Mockito33,18,421,0.0427553444180522,formula-zoltar,9,347
Mockito34,140,504,0.2777777777777778,formula-zoltar,9,276
Mockito35,51,358,0.1424581005586592,formula-zoltar,9,316
Mockito35,13,358,0.0363128491620111,formula-zoltar,9,274
Mockito35,74,358,0.2067039106145251,formula-zoltar,9,73
Mockito37,12,329,0.0364741641337386,formula-zoltar,9,157
Mockito37,12,329,0.0364741641337386,formula-zoltar,9,157
Mockito38,118,367,0.3215258855585831,formula-zoltar,9,235
Lang1,1,271,0.003690036900369,formula-zoltar,9,3
Lang1,1,271,0.003690036900369,formula-zoltar,9,3
Lang1,1,271,0.003690036900369,formula-zoltar,9,3
Lang2,1,16,0.0625,formula-zoltar,9,5
Lang3,1,345,0.0028985507246376,formula-zoltar,9,1
Lang3,1,345,0.0028985507246376,formula-zoltar,9,1
Lang3,1,345,0.0028985507246376,formula-zoltar,9,1
Lang3,1,345,0.0028985507246376,formula-zoltar,9,1
Lang4,4,11,0.3636363636363636,formula-zoltar,9,3
Lang4,1,11,0.0909090909090909,formula-zoltar,9,8
Lang4,1,11,0.0909090909090909,formula-zoltar,9,8
Lang4,4,11,0.3636363636363636,formula-zoltar,9,3
Lang5,1,16,0.0625,formula-zoltar,9,7
Lang5,1,16,0.0625,formula-zoltar,9,7
Lang6,69,642,0.1074766355140186,formula-zoltar,9,424
Lang7,1,471,0.0021231422505307,formula-zoltar,9,3
Lang7,1,471,0.0021231422505307,formula-zoltar,9,3
Lang7,1,471,0.0021231422505307,formula-zoltar,9,3
Lang7,113,471,0.2399150743099787,formula-zoltar,9,466
Lang7,113,471,0.2399150743099787,formula-zoltar,9,466
Lang8,10,154,0.0649350649350649,formula-zoltar,9,112
Lang8,9,154,0.0584415584415584,formula-zoltar,9,76
Lang8,9,154,0.0584415584415584,formula-zoltar,9,76
Lang9,1,157,0.0063694267515923,formula-zoltar,9,155
Lang10,15,156,0.0961538461538461,formula-zoltar,9,44
Lang10,15,156,0.0961538461538461,formula-zoltar,9,44
Lang10,15,156,0.0961538461538461,formula-zoltar,9,44
Lang10,15,156,0.0961538461538461,formula-zoltar,9,44
Lang10,15,156,0.0961538461538461,formula-zoltar,9,44
Lang10,15,156,0.0961538461538461,formula-zoltar,9,44
Lang10,15,156,0.0961538461538461,formula-zoltar,9,44
Lang10,15,156,0.0961538461538461,formula-zoltar,9,44
Lang10,15,156,0.0961538461538461,formula-zoltar,9,44
Lang11,1,15,0.0666666666666666,formula-zoltar,9,7
Lang12,4,13,0.3076923076923077,formula-zoltar,9,7
Lang12,4,13,0.3076923076923077,formula-zoltar,9,7
Lang12,4,13,0.3076923076923077,formula-zoltar,9,7
Lang13,4,13,0.3076923076923077,formula-zoltar,9,6
Lang13,3,13,0.2307692307692307,formula-zoltar,9,6
Lang13,1,13,0.0769230769230769,formula-zoltar,9,5
Lang13,1,13,0.0769230769230769,formula-zoltar,9,5
Lang14,1,257,0.0038910505836575,formula-zoltar,9,198
Lang14,1,257,0.0038910505836575,formula-zoltar,9,198
Lang15,81,579,0.1398963730569948,formula-zoltar,9,48
Lang15,81,579,0.1398963730569948,formula-zoltar,9,48
Lang15,81,579,0.1398963730569948,formula-zoltar,9,48
Lang15,91,579,0.157167530224525,formula-zoltar,9,540
Lang16,1,437,0.0022883295194508,formula-zoltar,9,2
Lang17,66,405,0.1629629629629629,formula-zoltar,9,260
Lang17,66,405,0.1629629629629629,formula-zoltar,9,260
Lang17,66,405,0.1629629629629629,formula-zoltar,9,260
Lang17,66,405,0.1629629629629629,formula-zoltar,9,260
Lang17,66,405,0.1629629629629629,formula-zoltar,9,260
Lang17,69,405,0.1703703703703703,formula-zoltar,9,328
Lang17,69,405,0.1703703703703703,formula-zoltar,9,328
Lang17,69,405,0.1703703703703703,formula-zoltar,9,328
Lang17,69,405,0.1703703703703703,formula-zoltar,9,328
Lang17,66,405,0.1629629629629629,formula-zoltar,9,260
Lang18,4,124,0.032258064516129,formula-zoltar,9,121
Lang18,4,124,0.032258064516129,formula-zoltar,9,121
Lang18,4,124,0.032258064516129,formula-zoltar,9,121
Lang18,4,124,0.032258064516129,formula-zoltar,9,121
Lang19,2,14,0.1428571428571428,formula-zoltar,9,10
Lang19,2,14,0.1428571428571428,formula-zoltar,9,10
Lang19,11,14,0.7857142857142857,formula-zoltar,9,8
Lang19,2,14,0.1428571428571428,formula-zoltar,9,10
Lang19,11,14,0.7857142857142857,formula-zoltar,9,8
Lang20,1,239,0.00418410041841,formula-zoltar,9,83
Lang20,9,239,0.0376569037656903,formula-zoltar,9,4
Lang21,1,83,0.0120481927710843,formula-zoltar,9,1
Lang22,19,62,0.3064516129032258,formula-zoltar,9,7
Lang22,19,62,0.3064516129032258,formula-zoltar,9,7
Lang23,16,103,0.1553398058252427,formula-zoltar,9,41
Lang24,1,344,0.002906976744186,formula-zoltar,9,238
Lang26,2,51,0.0392156862745098,formula-zoltar,9,34
Lang27,81,419,0.1933174224343675,formula-zoltar,9,2
Lang27,81,419,0.1933174224343675,formula-zoltar,9,2
Lang28,1,12,0.0833333333333333,formula-zoltar,9,7
Lang28,1,12,0.0833333333333333,formula-zoltar,9,7
Lang30,10,506,0.0197628458498023,formula-zoltar,9,195
Lang30,10,506,0.0197628458498023,formula-zoltar,9,195
Lang30,10,506,0.0197628458498023,formula-zoltar,9,195
Lang30,17,506,0.033596837944664,formula-zoltar,9,305
Lang30,16,506,0.0316205533596837,formula-zoltar,9,279
Lang30,8,506,0.0158102766798418,formula-zoltar,9,342
Lang30,8,506,0.0158102766798418,formula-zoltar,9,342
Lang30,8,506,0.0158102766798418,formula-zoltar,9,342
Lang30,8,506,0.0158102766798418,formula-zoltar,9,342
Lang30,8,506,0.0158102766798418,formula-zoltar,9,342
Lang30,14,506,0.0276679841897233,formula-zoltar,9,390
Lang30,14,506,0.0276679841897233,formula-zoltar,9,390
Lang30,14,506,0.0276679841897233,formula-zoltar,9,390
Lang30,14,506,0.0276679841897233,formula-zoltar,9,390
Lang30,16,506,0.0316205533596837,formula-zoltar,9,279
Lang30,1,506,0.0019762845849802,formula-zoltar,9,419
Lang30,1,506,0.0019762845849802,formula-zoltar,9,419
Lang30,1,506,0.0019762845849802,formula-zoltar,9,419
Lang30,1,506,0.0019762845849802,formula-zoltar,9,419
Lang30,1,506,0.0019762845849802,formula-zoltar,9,419
Lang31,1,508,0.0019685039370078,formula-zoltar,9,193
Lang31,1,508,0.0019685039370078,formula-zoltar,9,193
Lang31,1,508,0.0019685039370078,formula-zoltar,9,193
Lang31,1,508,0.0019685039370078,formula-zoltar,9,193
Lang32,3,358,0.0083798882681564,formula-zoltar,9,79
Lang32,31,358,0.0865921787709497,formula-zoltar,9,199
Lang32,28,358,0.0782122905027933,formula-zoltar,9,232
Lang33,1,377,0.0026525198938992,formula-zoltar,9,116
Lang34,92,478,0.1924686192468619,formula-zoltar,9,224
Lang34,91,478,0.1903765690376569,formula-zoltar,9,57
Lang35,1,261,0.003831417624521,formula-zoltar,9,102
Lang35,10,261,0.0383141762452107,formula-zoltar,9,2
Lang36,1,410,0.0024390243902439,formula-zoltar,9,2
Lang36,2,410,0.0048780487804878,formula-zoltar,9,279
Lang37,1,267,0.0037453183520599,formula-zoltar,9,201
Lang37,1,267,0.0037453183520599,formula-zoltar,9,244
Lang37,1,267,0.0037453183520599,formula-zoltar,9,244
Lang38,13,88,0.1477272727272727,formula-zoltar,9,30
Lang39,13,216,0.0601851851851851,formula-zoltar,9,103
Lang40,1,209,0.0047846889952153,formula-zoltar,9,25
Lang41,1,61,0.0163934426229508,formula-zoltar,9,2
Lang41,3,61,0.0491803278688524,formula-zoltar,9,3
Lang41,1,61,0.0163934426229508,formula-zoltar,9,2
Lang41,1,61,0.0163934426229508,formula-zoltar,9,2
Lang41,1,61,0.0163934426229508,formula-zoltar,9,2
Lang41,1,61,0.0163934426229508,formula-zoltar,9,2
Lang41,5,61,0.081967213114754,formula-zoltar,9,11
Lang41,5,61,0.081967213114754,formula-zoltar,9,11
Lang43,1,90,0.0111111111111111,formula-zoltar,9,78
Lang46,13,36,0.3611111111111111,formula-zoltar,9,6
Lang46,10,36,0.2777777777777778,formula-zoltar,9,15
Lang46,11,36,0.3055555555555556,formula-zoltar,9,34
Lang46,12,36,0.3333333333333333,formula-zoltar,9,11
Lang46,9,36,0.25,formula-zoltar,9,5
Lang46,9,36,0.25,formula-zoltar,9,5
Lang46,5,36,0.1388888888888889,formula-zoltar,9,2
Lang46,1,36,0.0277777777777777,formula-zoltar,9,35
Lang46,1,36,0.0277777777777777,formula-zoltar,9,35
Lang47,2,320,0.00625,formula-zoltar,9,56
Lang47,16,320,0.05,formula-zoltar,9,240
Lang48,1,43,0.0232558139534883,formula-zoltar,9,18
Lang48,1,43,0.0232558139534883,formula-zoltar,9,18
Lang49,1,69,0.0144927536231884,formula-zoltar,9,30
Lang50,19,47,0.4042553191489361,formula-zoltar,9,42
Lang50,19,47,0.4042553191489361,formula-zoltar,9,42
Lang50,20,47,0.425531914893617,formula-zoltar,9,30
Lang50,20,47,0.425531914893617,formula-zoltar,9,30
Lang50,20,47,0.425531914893617,formula-zoltar,9,30
Lang50,4,47,0.0851063829787234,formula-zoltar,9,0
Lang50,1,47,0.0212765957446808,formula-zoltar,9,35
Lang50,1,47,0.0212765957446808,formula-zoltar,9,35
Lang50,4,47,0.0851063829787234,formula-zoltar,9,35
Lang50,4,47,0.0851063829787234,formula-zoltar,9,35
Lang50,20,47,0.425531914893617,formula-zoltar,9,30
Lang50,1,47,0.0212765957446808,formula-zoltar,9,35
Lang51,1,48,0.0208333333333333,formula-zoltar,9,9
Lang52,7,37,0.1891891891891892,formula-zoltar,9,20
Lang53,11,53,0.2075471698113207,formula-zoltar,9,49
Lang53,11,53,0.2075471698113207,formula-zoltar,9,49
Lang53,12,53,0.2264150943396226,formula-zoltar,9,35
Lang53,11,53,0.2075471698113207,formula-zoltar,9,49
Lang54,1,15,0.0666666666666666,formula-zoltar,9,9
Lang55,12,20,0.6,formula-zoltar,9,1
Lang55,12,20,0.6,formula-zoltar,9,1
Lang56,17,62,0.2741935483870967,formula-zoltar,9,38
Lang57,4,15,0.2666666666666666,formula-zoltar,9,12
Lang58,1,281,0.0035587188612099,formula-zoltar,9,5
Lang58,1,281,0.0035587188612099,formula-zoltar,9,5
Lang59,1,284,0.0035211267605633,formula-zoltar,9,253
Lang60,2,315,0.0063492063492063,formula-zoltar,9,82
Lang60,13,315,0.0412698412698412,formula-zoltar,9,124
Lang61,3,315,0.0095238095238095,formula-zoltar,9,313
Lang63,1,201,0.0049751243781094,formula-zoltar,9,172
Lang63,1,201,0.0049751243781094,formula-zoltar,9,172
Lang63,1,201,0.0049751243781094,formula-zoltar,9,172
Lang63,1,201,0.0049751243781094,formula-zoltar,9,172
Lang63,1,201,0.0049751243781094,formula-zoltar,9,172
Lang63,1,201,0.0049751243781094,formula-zoltar,9,172
Lang63,1,201,0.0049751243781094,formula-zoltar,9,172
Lang63,1,201,0.0049751243781094,formula-zoltar,9,172
Lang63,2,201,0.0099502487562189,formula-zoltar,9,134
Lang63,2,201,0.0099502487562189,formula-zoltar,9,134
Lang63,2,201,0.0099502487562189,formula-zoltar,9,134
Lang63,2,201,0.0099502487562189,formula-zoltar,9,134
Lang63,2,201,0.0099502487562189,formula-zoltar,9,134
Lang63,2,201,0.0099502487562189,formula-zoltar,9,134
Lang63,2,201,0.0099502487562189,formula-zoltar,9,134
Lang63,2,201,0.0099502487562189,formula-zoltar,9,134
Lang63,2,201,0.0099502487562189,formula-zoltar,9,134
Lang63,2,201,0.0099502487562189,formula-zoltar,9,134
Lang63,2,201,0.0099502487562189,formula-zoltar,9,134
Lang63,2,201,0.0099502487562189,formula-zoltar,9,134
Lang63,1,201,0.0049751243781094,formula-zoltar,9,172
Lang65,12,52,0.2307692307692307,formula-zoltar,9,25
Lang65,11,52,0.2115384615384615,formula-zoltar,9,35
Lang65,11,52,0.2115384615384615,formula-zoltar,9,35
Lang65,11,52,0.2115384615384615,formula-zoltar,9,35
Lang65,11,52,0.2115384615384615,formula-zoltar,9,35
Lang65,12,52,0.2307692307692307,formula-zoltar,9,11
Lang65,12,52,0.2307692307692307,formula-zoltar,9,11
Time1,1,724,0.0013812154696132,formula-zoltar,9,170
Time1,6,724,0.0082872928176795,formula-zoltar,9,310
Time1,6,724,0.0082872928176795,formula-zoltar,9,310
Time1,6,724,0.0082872928176795,formula-zoltar,9,310
Time1,1,724,0.0013812154696132,formula-zoltar,9,170
Time2,1,1072,0.0009328358208955,formula-zoltar,9,245
Time2,9,1072,0.0083955223880597,formula-zoltar,9,980
Time2,17,1072,0.0158582089552238,formula-zoltar,9,448
Time3,23,1029,0.0223517978620019,formula-zoltar,9,1018
Time3,23,1029,0.0223517978620019,formula-zoltar,9,1018
Time3,13,1029,0.0126336248785228,formula-zoltar,9,506
Time3,13,1029,0.0126336248785228,formula-zoltar,9,506
Time3,11,1029,0.010689990281827,formula-zoltar,9,990
Time3,11,1029,0.010689990281827,formula-zoltar,9,990
Time3,15,1029,0.0145772594752186,formula-zoltar,9,379
Time3,15,1029,0.0145772594752186,formula-zoltar,9,379
Time3,15,1029,0.0145772594752186,formula-zoltar,9,813
Time3,15,1029,0.0145772594752186,formula-zoltar,9,813
Time3,3,1029,0.0029154518950437,formula-zoltar,9,296
Time3,3,1029,0.0029154518950437,formula-zoltar,9,296
Time3,5,1029,0.0048590864917395,formula-zoltar,9,212
Time3,5,1029,0.0048590864917395,formula-zoltar,9,987
Time3,9,1029,0.0087463556851311,formula-zoltar,9,251
Time3,9,1029,0.0087463556851311,formula-zoltar,9,251
Time3,813,1029,0.7900874635568513,formula-zoltar,9,347
Time3,813,1029,0.7900874635568513,formula-zoltar,9,347
Time3,813,1029,0.7900874635568513,formula-zoltar,9,362
Time3,813,1029,0.7900874635568513,formula-zoltar,9,362
Time4,19,1248,0.0152243589743589,formula-zoltar,9,1218
Time5,11,864,0.0127314814814814,formula-zoltar,9,144
Time5,11,864,0.0127314814814814,formula-zoltar,9,144
Time5,11,864,0.0127314814814814,formula-zoltar,9,144
Time5,11,864,0.0127314814814814,formula-zoltar,9,144
Time5,11,864,0.0127314814814814,formula-zoltar,9,144
Time5,11,864,0.0127314814814814,formula-zoltar,9,144
Time6,81,1079,0.0750695088044485,formula-zoltar,9,763
Time6,20,1079,0.0185356811862835,formula-zoltar,9,33
Time6,20,1079,0.0185356811862835,formula-zoltar,9,33
Time7,9,1362,0.0066079295154185,formula-zoltar,9,837
Time7,9,1362,0.0066079295154185,formula-zoltar,9,837
Time8,1,590,0.0016949152542372,formula-zoltar,9,578
Time8,1,590,0.0016949152542372,formula-zoltar,9,578
Time8,1,590,0.0016949152542372,formula-zoltar,9,578
Time9,1,605,0.0016528925619834,formula-zoltar,9,40
Time9,1,605,0.0016528925619834,formula-zoltar,9,40
Time9,1,605,0.0016528925619834,formula-zoltar,9,40
Time9,1,605,0.0016528925619834,formula-zoltar,9,40
Time9,6,605,0.0099173553719008,formula-zoltar,9,592
Time10,109,1346,0.0809806835066864,formula-zoltar,9,1255
Time11,163,928,0.1756465517241379,formula-zoltar,9,543
Time11,163,928,0.1756465517241379,formula-zoltar,9,543
Time11,163,928,0.1756465517241379,formula-zoltar,9,543
Time11,163,928,0.1756465517241379,formula-zoltar,9,543
Time12,12,1256,0.0095541401273885,formula-zoltar,9,1
Time12,8,1256,0.0063694267515923,formula-zoltar,9,169
Time12,12,1256,0.0095541401273885,formula-zoltar,9,1
Time12,12,1256,0.0095541401273885,formula-zoltar,9,30
Time12,12,1256,0.0095541401273885,formula-zoltar,9,30
Time12,8,1256,0.0063694267515923,formula-zoltar,9,169
Time12,9,1256,0.0071656050955414,formula-zoltar,9,963
Time12,9,1256,0.0071656050955414,formula-zoltar,9,963
Time13,21,995,0.0211055276381909,formula-zoltar,9,260
Time13,21,995,0.0211055276381909,formula-zoltar,9,260
Time13,21,995,0.0211055276381909,formula-zoltar,9,260
Time14,1,1339,0.0007468259895444,formula-zoltar,9,1112
Time14,1,1339,0.0007468259895444,formula-zoltar,9,1112
Time15,1,47,0.0212765957446808,formula-zoltar,9,21
Time16,1,1387,0.0007209805335255,formula-zoltar,9,851
Time17,1,902,0.0011086474501108,formula-zoltar,9,836
Time17,1,902,0.0011086474501108,formula-zoltar,9,836
Time17,1,902,0.0011086474501108,formula-zoltar,9,836
Time17,1,902,0.0011086474501108,formula-zoltar,9,836
Time17,1,902,0.0011086474501108,formula-zoltar,9,836
Time18,8,932,0.0085836909871244,formula-zoltar,9,463
Time18,8,932,0.0085836909871244,formula-zoltar,9,463
Time19,146,1157,0.1261884183232497,formula-zoltar,9,660
Time20,2,1145,0.0017467248908296,formula-zoltar,9,1036
Time20,3,1145,0.0026200873362445,formula-zoltar,9,1036
Time20,2,1145,0.0017467248908296,formula-zoltar,9,1036
Time20,3,1145,0.0026200873362445,formula-zoltar,9,1036
Time21,1,769,0.0013003901170351,formula-zoltar,9,282
Time21,1,769,0.0013003901170351,formula-zoltar,9,282
Time21,1,769,0.0013003901170351,formula-zoltar,9,282
Time21,1,769,0.0013003901170351,formula-zoltar,9,282
Time21,1,769,0.0013003901170351,formula-zoltar,9,282
Time21,1,769,0.0013003901170351,formula-zoltar,9,282
Time21,1,769,0.0013003901170351,formula-zoltar,9,282
Time21,1,769,0.0013003901170351,formula-zoltar,9,282
Time22,45,1022,0.0440313111545988,formula-zoltar,9,215
Time22,45,1022,0.0440313111545988,formula-zoltar,9,215
Time23,4,251,0.0159362549800796,formula-zoltar,9,158
Time23,4,251,0.0159362549800796,formula-zoltar,9,158
Time23,4,251,0.0159362549800796,formula-zoltar,9,158
Time23,4,251,0.0159362549800796,formula-zoltar,9,158
Time23,4,251,0.0159362549800796,formula-zoltar,9,158
Time23,4,251,0.0159362549800796,formula-zoltar,9,4
Time23,4,251,0.0159362549800796,formula-zoltar,9,4
Time23,4,251,0.0159362549800796,formula-zoltar,9,4
Time23,4,251,0.0159362549800796,formula-zoltar,9,158
Time24,262,1553,0.1687057308435286,formula-zoltar,9,1266
Time25,35,1164,0.0300687285223367,formula-zoltar,9,662
Time26,394,1315,0.2996197718631179,formula-zoltar,9,664
Time26,394,1315,0.2996197718631179,formula-zoltar,9,664
Time26,394,1315,0.2996197718631179,formula-zoltar,9,664
Time26,394,1315,0.2996197718631179,formula-zoltar,9,664
Time26,394,1315,0.2996197718631179,formula-zoltar,9,664
Time26,394,1315,0.2996197718631179,formula-zoltar,9,664
Time26,394,1315,0.2996197718631179,formula-zoltar,9,664
Time27,10,1136,0.0088028169014084,formula-zoltar,9,1128
Time27,10,1136,0.0088028169014084,formula-zoltar,9,1128
Closure1,220,5287,0.04161149990542841,formula-zoltar,9,4355
Closure2,33,4093,0.008062545809919374,formula-zoltar,9,3413
Closure2,33,4093,0.008062545809919374,formula-zoltar,9,3413
Closure2,33,4093,0.008062545809919374,formula-zoltar,9,3413
Closure3,224,4326,0.05177993527508091,formula-zoltar,9,1299
Closure3,81,4326,0.01872399445214979,formula-zoltar,9,2287
Closure4,33,4349,0.007587951253161646,formula-zoltar,9,2151
Closure4,33,4349,0.007587951253161646,formula-zoltar,9,2151
Closure5,70,4006,0.017473789316025962,formula-zoltar,9,2341
Closure6,1,4541,0.00022021581149526536,formula-zoltar,9,3734
Closure6,1,4541,0.00022021581149526536,formula-zoltar,9,3734
Closure6,1,4541,0.00022021581149526536,formula-zoltar,9,3734
Closure6,1,4541,0.00022021581149526536,formula-zoltar,9,3734
Closure6,3,4541,0.0006606474344857961,formula-zoltar,9,2276
Closure6,3,4541,0.0006606474344857961,formula-zoltar,9,2266
Closure6,3,4541,0.0006606474344857961,formula-zoltar,9,2266
Closure6,3,4541,0.0006606474344857961,formula-zoltar,9,1127
Closure7,4,3919,0.0010206685378923194,formula-zoltar,9,234
Closure7,4,3919,0.0010206685378923194,formula-zoltar,9,234
Closure7,4,3919,0.0010206685378923194,formula-zoltar,9,234
Closure8,85,4154,0.020462205103514684,formula-zoltar,9,2537
Closure9,2,1636,0.0012224938875305623,formula-zoltar,9,1183
Closure9,2,1636,0.0012224938875305623,formula-zoltar,9,276
Closure10,83,4279,0.01939705538677261,formula-zoltar,9,3399
Closure11,199,4677,0.04254864229206756,formula-zoltar,9,3172
Closure11,199,4677,0.04254864229206756,formula-zoltar,9,3172
Closure12,349,4762,0.07328853422931542,formula-zoltar,9,2620
Closure13,1253,5477,0.22877487675734892,formula-zoltar,9,1936
Closure13,1252,5477,0.2285922950520358,formula-zoltar,9,1225
Closure14,5,4886,0.001023331968890708,formula-zoltar,9,2889
Closure15,71,4789,0.01482564209647108,formula-zoltar,9,3201
Closure16,118,5171,0.022819570682653258,formula-zoltar,9,671
Closure16,118,5171,0.022819570682653258,formula-zoltar,9,671
Closure16,111,5171,0.021465867337072134,formula-zoltar,9,4979
Closure16,118,5171,0.022819570682653258,formula-zoltar,9,671
Closure16,118,5171,0.022819570682653258,formula-zoltar,9,671
Closure17,16,4664,0.003430531732418525,formula-zoltar,9,1043
Closure17,16,4664,0.003430531732418525,formula-zoltar,9,1043
Closure18,1459,4833,0.3018828884750672,formula-zoltar,9,2966
Closure19,1,4637,0.00021565667457407807,formula-zoltar,9,2121
Closure19,1,4637,0.00021565667457407807,formula-zoltar,9,2121
Closure20,11,4311,0.002551612154952447,formula-zoltar,9,1391
Closure21,7,4409,0.0015876616012701294,formula-zoltar,9,3118
Closure21,4,4409,0.0009072352007257881,formula-zoltar,9,950
Closure21,2,4409,0.0004536176003628941,formula-zoltar,9,1798
Closure21,2,4409,0.0004536176003628941,formula-zoltar,9,1798
Closure21,2,4409,0.0004536176003628941,formula-zoltar,9,1798
Closure21,2,4409,0.0004536176003628941,formula-zoltar,9,1798
Closure21,2,4409,0.0004536176003628941,formula-zoltar,9,1798
Closure21,2,4409,0.0004536176003628941,formula-zoltar,9,1798
Closure21,2,4409,0.0004536176003628941,formula-zoltar,9,1798
Closure21,2,4409,0.0004536176003628941,formula-zoltar,9,1798
Closure21,2,4409,0.0004536176003628941,formula-zoltar,9,1798
Closure21,2,4409,0.0004536176003628941,formula-zoltar,9,1798
Closure21,2,4409,0.0004536176003628941,formula-zoltar,9,1798
Closure21,2,4409,0.0004536176003628941,formula-zoltar,9,1798
Closure21,2,4409,0.0004536176003628941,formula-zoltar,9,1798
Closure21,2,4409,0.0004536176003628941,formula-zoltar,9,1798
Closure21,2,4409,0.0004536176003628941,formula-zoltar,9,1798
Closure21,2,4409,0.0004536176003628941,formula-zoltar,9,1798
Closure21,3,4409,0.0006804264005443411,formula-zoltar,9,986
Closure22,6,4416,0.001358695652173913,formula-zoltar,9,3126
Closure22,6,4416,0.001358695652173913,formula-zoltar,9,3126
Closure22,6,4416,0.001358695652173913,formula-zoltar,9,3126
Closure22,4,4416,0.0009057971014492754,formula-zoltar,9,740
Closure22,4,4416,0.0009057971014492754,formula-zoltar,9,740
Closure22,2,4416,0.0004528985507246377,formula-zoltar,9,955
Closure22,2,4416,0.0004528985507246377,formula-zoltar,9,955
Closure22,2,4416,0.0004528985507246377,formula-zoltar,9,955
Closure22,5,4416,0.0011322463768115942,formula-zoltar,9,1806
Closure22,5,4416,0.0011322463768115942,formula-zoltar,9,1806
Closure22,5,4416,0.0011322463768115942,formula-zoltar,9,1806
Closure22,5,4416,0.0011322463768115942,formula-zoltar,9,1806
Closure22,5,4416,0.0011322463768115942,formula-zoltar,9,1806
Closure22,5,4416,0.0011322463768115942,formula-zoltar,9,1806
Closure22,5,4416,0.0011322463768115942,formula-zoltar,9,1806
Closure22,5,4416,0.0011322463768115942,formula-zoltar,9,1806
Closure22,5,4416,0.0011322463768115942,formula-zoltar,9,1806
Closure22,5,4416,0.0011322463768115942,formula-zoltar,9,1806
Closure22,5,4416,0.0011322463768115942,formula-zoltar,9,1806
Closure22,5,4416,0.0011322463768115942,formula-zoltar,9,1806
Closure22,5,4416,0.0011322463768115942,formula-zoltar,9,1806
Closure22,7,4416,0.001585144927536232,formula-zoltar,9,991
Closure22,7,4416,0.001585144927536232,formula-zoltar,9,991
Closure22,7,4416,0.001585144927536232,formula-zoltar,9,991
Closure22,7,4416,0.001585144927536232,formula-zoltar,9,991
Closure22,7,4416,0.001585144927536232,formula-zoltar,9,991
Closure23,1,4257,0.0002349072116513977,formula-zoltar,9,1972
Closure23,1,4257,0.0002349072116513977,formula-zoltar,9,1972
Closure24,1,4154,0.00024073182474723158,formula-zoltar,9,3539
Closure24,1,4154,0.00024073182474723158,formula-zoltar,9,3539
Closure24,1,4154,0.00024073182474723158,formula-zoltar,9,3539
Closure24,1,4154,0.00024073182474723158,formula-zoltar,9,3539
Closure24,1,4154,0.00024073182474723158,formula-zoltar,9,3539
Closure25,158,4634,0.03409581355200691,formula-zoltar,9,1662
Closure25,120,4634,0.02589555459646094,formula-zoltar,9,2946
Closure25,130,4634,0.028053517479499353,formula-zoltar,9,1211
Closure25,130,4634,0.028053517479499353,formula-zoltar,9,1211
Closure25,158,4634,0.03409581355200691,formula-zoltar,9,1662
Closure25,120,4634,0.02589555459646094,formula-zoltar,9,2946
Closure26,25,5896,0.004240162822252374,formula-zoltar,9,1306
Closure26,12,5896,0.0020352781546811396,formula-zoltar,9,3856
Closure26,12,5896,0.0020352781546811396,formula-zoltar,9,3856
Closure27,8,451,0.017738359201773836,formula-zoltar,9,371
Closure27,8,451,0.017738359201773836,formula-zoltar,9,371
Closure27,1,451,0.0022172949002217295,formula-zoltar,9,112
Closure28,105,4439,0.023653976120747915,formula-zoltar,9,403
Closure29,120,5944,0.020188425302826378,formula-zoltar,9,2391
Closure29,120,5944,0.020188425302826378,formula-zoltar,9,2391
Closure29,120,5944,0.020188425302826378,formula-zoltar,9,2391
Closure30,209,4824,0.043325041459369815,formula-zoltar,9,2166
Closure30,211,4824,0.04373963515754561,formula-zoltar,9,2569
Closure30,329,4824,0.06820066334991708,formula-zoltar,9,3000
Closure30,209,4824,0.043325041459369815,formula-zoltar,9,2166
Closure30,209,4824,0.043325041459369815,formula-zoltar,9,2166
Closure30,157,4824,0.032545605306799334,formula-zoltar,9,86
Closure31,1628,4904,0.33197389885807504,formula-zoltar,9,2999
Closure32,37,4853,0.007624150010302906,formula-zoltar,9,855
Closure32,37,4853,0.007624150010302906,formula-zoltar,9,855
Closure32,37,4853,0.007624150010302906,formula-zoltar,9,855
Closure32,37,4853,0.007624150010302906,formula-zoltar,9,855
Closure32,37,4853,0.007624150010302906,formula-zoltar,9,855
Closure32,37,4853,0.007624150010302906,formula-zoltar,9,855
Closure33,283,4638,0.06101768003449763,formula-zoltar,9,1671
Closure34,5,1289,0.003878975950349108,formula-zoltar,9,70
Closure34,5,1289,0.003878975950349108,formula-zoltar,9,70
Closure34,5,1289,0.003878975950349108,formula-zoltar,9,70
Closure34,5,1289,0.003878975950349108,formula-zoltar,9,70
Closure34,42,1289,0.032583397982932506,formula-zoltar,9,1170
Closure35,57,4591,0.012415595730777608,formula-zoltar,9,285
Closure35,57,4591,0.012415595730777608,formula-zoltar,9,285
Closure35,59,4591,0.01285123066869963,formula-zoltar,9,285
Closure35,59,4591,0.01285123066869963,formula-zoltar,9,285
Closure35,59,4591,0.01285123066869963,formula-zoltar,9,285
Closure35,59,4591,0.01285123066869963,formula-zoltar,9,285
Closure35,59,4591,0.01285123066869963,formula-zoltar,9,285
Closure35,59,4591,0.01285123066869963,formula-zoltar,9,285
Closure35,59,4591,0.01285123066869963,formula-zoltar,9,285
Closure35,59,4591,0.01285123066869963,formula-zoltar,9,285
Closure35,59,4591,0.01285123066869963,formula-zoltar,9,285
Closure35,59,4591,0.01285123066869963,formula-zoltar,9,285
Closure35,59,4591,0.01285123066869963,formula-zoltar,9,285
Closure35,59,4591,0.01285123066869963,formula-zoltar,9,285
Closure35,59,4591,0.01285123066869963,formula-zoltar,9,285
Closure36,825,5797,0.14231499051233396,formula-zoltar,9,5204
Closure37,532,4622,0.1151016875811337,formula-zoltar,9,1279
Closure37,175,4622,0.037862397230636086,formula-zoltar,9,1340
Closure37,175,4622,0.037862397230636086,formula-zoltar,9,1340
Closure38,4,3590,0.0011142061281337048,formula-zoltar,9,1479
Closure39,2,1318,0.0015174506828528073,formula-zoltar,9,1270
Closure39,6,1318,0.004552352048558422,formula-zoltar,9,353
Closure39,12,1318,0.009104704097116844,formula-zoltar,9,1195
Closure40,179,4818,0.037152345371523454,formula-zoltar,9,508
Closure40,179,4818,0.037152345371523454,formula-zoltar,9,508
Closure40,179,4818,0.037152345371523454,formula-zoltar,9,508
Closure41,815,4574,0.17818102317446435,formula-zoltar,9,2954
Closure41,59,4574,0.01289899431569742,formula-zoltar,9,3472
Closure42,8,1459,0.0054832076764907475,formula-zoltar,9,436
Closure42,8,1459,0.0054832076764907475,formula-zoltar,9,436
Closure43,1,4584,0.0002181500872600349,formula-zoltar,9,1044
Closure43,1,4584,0.0002181500872600349,formula-zoltar,9,1044
Closure43,1,4584,0.0002181500872600349,formula-zoltar,9,1044
Closure43,1,4584,0.0002181500872600349,formula-zoltar,9,1044
Closure44,105,3463,0.03032053133121571,formula-zoltar,9,1293
Closure44,105,3463,0.03032053133121571,formula-zoltar,9,1293
Closure45,161,4084,0.03942213516160627,formula-zoltar,9,3012
Closure45,168,4084,0.04113614103819784,formula-zoltar,9,690
Closure45,161,4084,0.03942213516160627,formula-zoltar,9,3012
Closure45,161,4084,0.03942213516160627,formula-zoltar,9,3012
Closure46,3,1410,0.002127659574468085,formula-zoltar,9,445
Closure46,3,1410,0.002127659574468085,formula-zoltar,9,445
Closure46,3,1410,0.002127659574468085,formula-zoltar,9,445
Closure46,2,1410,0.0014184397163120568,formula-zoltar,9,445
Closure46,2,1410,0.0014184397163120568,formula-zoltar,9,445
Closure46,2,1410,0.0014184397163120568,formula-zoltar,9,445
Closure46,1,1410,0.0007092198581560284,formula-zoltar,9,607
Closure46,1,1410,0.0007092198581560284,formula-zoltar,9,607
Closure46,1,1410,0.0007092198581560284,formula-zoltar,9,607
Closure46,1,1410,0.0007092198581560284,formula-zoltar,9,607
Closure46,1,1410,0.0007092198581560284,formula-zoltar,9,607
Closure46,1,1410,0.0007092198581560284,formula-zoltar,9,607
Closure46,1,1410,0.0007092198581560284,formula-zoltar,9,607
Closure46,1,1410,0.0007092198581560284,formula-zoltar,9,607
Closure46,1,1410,0.0007092198581560284,formula-zoltar,9,607
Closure46,1,1410,0.0007092198581560284,formula-zoltar,9,607
Closure47,167,4400,0.037954545454545456,formula-zoltar,9,143
Closure47,62,4400,0.014090909090909091,formula-zoltar,9,787
Closure47,62,4400,0.014090909090909091,formula-zoltar,9,787
Closure47,167,4400,0.037954545454545456,formula-zoltar,9,143
Closure48,1,4271,0.00023413720440177945,formula-zoltar,9,991
Closure48,1,4271,0.00023413720440177945,formula-zoltar,9,991
Closure48,1,4271,0.00023413720440177945,formula-zoltar,9,991
Closure48,1,4271,0.00023413720440177945,formula-zoltar,9,991
Closure49,554,4116,0.1345966958211856,formula-zoltar,9,1044
Closure49,540,4116,0.13119533527696792,formula-zoltar,9,3318
Closure49,540,4116,0.13119533527696792,formula-zoltar,9,3318
Closure49,541,4116,0.1314382896015549,formula-zoltar,9,2253
Closure49,541,4116,0.1314382896015549,formula-zoltar,9,2253
Closure49,526,4116,0.12779397473275025,formula-zoltar,9,591
Closure49,526,4116,0.12779397473275025,formula-zoltar,9,591
Closure49,526,4116,0.12779397473275025,formula-zoltar,9,591
Closure49,496,4116,0.12050534499514091,formula-zoltar,9,2816
Closure49,496,4116,0.12050534499514091,formula-zoltar,9,2816
Closure49,496,4116,0.12050534499514091,formula-zoltar,9,2816
Closure49,496,4116,0.12050534499514091,formula-zoltar,9,2816
Closure49,448,4116,0.10884353741496598,formula-zoltar,9,697
Closure49,448,4116,0.10884353741496598,formula-zoltar,9,697
Closure49,448,4116,0.10884353741496598,formula-zoltar,9,697
Closure50,136,3830,0.035509138381201046,formula-zoltar,9,932
Closure50,135,3830,0.03524804177545692,formula-zoltar,9,2020
Closure50,135,3830,0.03524804177545692,formula-zoltar,9,2020
Closure51,50,3332,0.015006002400960384,formula-zoltar,9,1534
Closure52,3,3331,0.0009006304413089162,formula-zoltar,9,159
Closure53,76,3908,0.019447287615148412,formula-zoltar,9,2328
Closure53,76,3908,0.019447287615148412,formula-zoltar,9,2328
Closure54,13,4451,0.0029206919793304874,formula-zoltar,9,1023
Closure54,1785,4451,0.4010334756234554,formula-zoltar,9,1453
Closure54,1696,4451,0.3810379689957313,formula-zoltar,9,2661
Closure54,1696,4451,0.3810379689957313,formula-zoltar,9,2661
Closure54,1696,4451,0.3810379689957313,formula-zoltar,9,2661
Closure55,147,4172,0.03523489932885906,formula-zoltar,9,4129
Closure56,13,3201,0.004061230865354577,formula-zoltar,9,574
Closure56,13,3201,0.004061230865354577,formula-zoltar,9,574
Closure57,1,3213,0.0003112356053532524,formula-zoltar,9,59
Closure58,13,3687,0.003525901817195552,formula-zoltar,9,780
Closure58,13,3687,0.003525901817195552,formula-zoltar,9,780
Closure59,666,5473,0.1216882879590718,formula-zoltar,9,917
Closure60,165,5670,0.0291005291005291,formula-zoltar,9,1760
Closure60,77,5670,0.013580246913580247,formula-zoltar,9,4845
Closure60,77,5670,0.013580246913580247,formula-zoltar,9,4845
Closure61,119,3738,0.031835205992509365,formula-zoltar,9,1246
Closure62,1,72,0.013888888888888888,formula-zoltar,9,3
Closure63,1,72,0.013888888888888888,formula-zoltar,9,3
Closure64,520,5245,0.09914204003813155,formula-zoltar,9,4588
Closure64,749,5245,0.14280266920877024,formula-zoltar,9,4445
Closure64,749,5245,0.14280266920877024,formula-zoltar,9,4445
Closure64,1215,5245,0.23164918970448045,formula-zoltar,9,2928
Closure65,2,3217,0.0006216972334473111,formula-zoltar,9,265
Closure66,29,4152,0.006984585741811176,formula-zoltar,9,851
Closure66,29,4152,0.006984585741811176,formula-zoltar,9,851
Closure67,125,3730,0.03351206434316354,formula-zoltar,9,1112
Closure68,1,1896,0.0005274261603375527,formula-zoltar,9,1471
Closure68,1,1896,0.0005274261603375527,formula-zoltar,9,1471
Closure68,32,1896,0.016877637130801686,formula-zoltar,9,869
Closure68,3,1896,0.0015822784810126582,formula-zoltar,9,1490
Closure69,62,4194,0.014783023366714354,formula-zoltar,9,3513
Closure70,69,4247,0.016246762420532142,formula-zoltar,9,974
Closure71,8,4216,0.0018975332068311196,formula-zoltar,9,609
Closure72,2267,3903,0.5808352549321035,formula-zoltar,9,2953
Closure72,847,3903,0.2170125544452985,formula-zoltar,9,210
Closure73,9,3153,0.0028544243577545195,formula-zoltar,9,17
Closure74,50,3739,0.013372559507889811,formula-zoltar,9,1579
Closure74,50,3739,0.013372559507889811,formula-zoltar,9,1579
Closure74,19,3739,0.005081572612998127,formula-zoltar,9,296
Closure75,30,3551,0.00844832441565756,formula-zoltar,9,1492
Closure75,38,3551,0.010701210926499578,formula-zoltar,9,2688
Closure75,38,3551,0.010701210926499578,formula-zoltar,9,2688
Closure76,109,3553,0.030678300028145228,formula-zoltar,9,2576
Closure76,109,3553,0.030678300028145228,formula-zoltar,9,2576
Closure76,109,3553,0.030678300028145228,formula-zoltar,9,2576
Closure76,109,3553,0.030678300028145228,formula-zoltar,9,2576
Closure76,113,3553,0.03180410920349001,formula-zoltar,9,64
Closure76,113,3553,0.03180410920349001,formula-zoltar,9,64
Closure76,109,3553,0.030678300028145228,formula-zoltar,9,2576
Closure76,109,3553,0.030678300028145228,formula-zoltar,9,2576
Closure76,109,3553,0.030678300028145228,formula-zoltar,9,2576
Closure76,109,3553,0.030678300028145228,formula-zoltar,9,2576
Closure76,113,3553,0.03180410920349001,formula-zoltar,9,64
Closure77,43,3064,0.014033942558746737,formula-zoltar,9,122
Closure78,1,3497,0.00028595939376608524,formula-zoltar,9,1592
Closure78,1,3497,0.00028595939376608524,formula-zoltar,9,1592
Closure79,1707,3648,0.46792763157894735,formula-zoltar,9,3133
Closure79,52,3648,0.01425438596491228,formula-zoltar,9,1950
Closure80,26,2969,0.008757157292017514,formula-zoltar,9,41
Closure80,2,2969,0.0006736274840013472,formula-zoltar,9,2710
Closure81,31,1393,0.022254127781765973,formula-zoltar,9,381
Closure82,1172,3915,0.2993614303959132,formula-zoltar,9,1490
Closure83,97,4697,0.02065147966787311,formula-zoltar,9,3914
Closure84,31,1370,0.022627737226277374,formula-zoltar,9,97
Closure84,1,1370,0.00072992700729927,formula-zoltar,9,374
Closure84,1,1370,0.00072992700729927,formula-zoltar,9,374
Closure85,126,3311,0.03805496828752643,formula-zoltar,9,911
Closure85,126,3311,0.03805496828752643,formula-zoltar,9,911
Closure85,126,3311,0.03805496828752643,formula-zoltar,9,911
Closure85,126,3311,0.03805496828752643,formula-zoltar,9,911
Closure85,126,3311,0.03805496828752643,formula-zoltar,9,911
Closure85,126,3311,0.03805496828752643,formula-zoltar,9,911
Closure85,126,3311,0.03805496828752643,formula-zoltar,9,911
Closure85,126,3311,0.03805496828752643,formula-zoltar,9,911
Closure85,126,3311,0.03805496828752643,formula-zoltar,9,911
Closure85,126,3311,0.03805496828752643,formula-zoltar,9,911
Closure85,126,3311,0.03805496828752643,formula-zoltar,9,911
Closure85,126,3311,0.03805496828752643,formula-zoltar,9,911
Closure85,126,3311,0.03805496828752643,formula-zoltar,9,911
Closure85,121,3311,0.036544850498338874,formula-zoltar,9,2807
Closure85,125,3311,0.03775294472968892,formula-zoltar,9,2490
Closure86,31,3910,0.007928388746803069,formula-zoltar,9,919
Closure87,140,3255,0.043010752688172046,formula-zoltar,9,724
Closure87,140,3255,0.043010752688172046,formula-zoltar,9,724
Closure87,140,3255,0.043010752688172046,formula-zoltar,9,724
Closure87,140,3255,0.043010752688172046,formula-zoltar,9,724
Closure88,301,4621,0.06513741614369184,formula-zoltar,9,3347
Closure88,301,4621,0.06513741614369184,formula-zoltar,9,3347
Closure89,312,3731,0.08362369337979095,formula-zoltar,9,1941
Closure89,139,3731,0.03725542749932994,formula-zoltar,9,1510
Closure90,3,3801,0.0007892659826361484,formula-zoltar,9,2963
Closure90,763,3801,0.2007366482504604,formula-zoltar,9,2779
Closure91,39,3395,0.011487481590574375,formula-zoltar,9,2367
Closure92,71,2994,0.023714094856379427,formula-zoltar,9,5
Closure93,71,2996,0.02369826435246996,formula-zoltar,9,2
Closure94,1,3440,0.00029069767441860465,formula-zoltar,9,2508
Closure94,1,3440,0.00029069767441860465,formula-zoltar,9,2508
Closure95,4,3725,0.0010738255033557046,formula-zoltar,9,823
Closure95,4,3725,0.0010738255033557046,formula-zoltar,9,823
Closure96,29,3649,0.007947382844614962,formula-zoltar,9,635
Closure96,29,3649,0.007947382844614962,formula-zoltar,9,635
Closure96,29,3649,0.007947382844614962,formula-zoltar,9,635
Closure97,37,2868,0.01290097629009763,formula-zoltar,9,651
Closure98,127,3234,0.03927025355596784,formula-zoltar,9,118
Closure98,147,3234,0.045454545454545456,formula-zoltar,9,3163
Closure98,147,3234,0.045454545454545456,formula-zoltar,9,3163
Closure99,38,3089,0.012301715765619942,formula-zoltar,9,2185
Closure99,38,3089,0.012301715765619942,formula-zoltar,9,2185
Closure99,38,3089,0.012301715765619942,formula-zoltar,9,2185
Closure99,38,3089,0.012301715765619942,formula-zoltar,9,2185
Closure100,6,3080,0.001948051948051948,formula-zoltar,9,2172
Closure100,6,3080,0.001948051948051948,formula-zoltar,9,2172
Closure101,1005,4365,0.23024054982817868,formula-zoltar,9,1024
Closure101,1005,4365,0.23024054982817868,formula-zoltar,9,1024
Closure101,1005,4365,0.23024054982817868,formula-zoltar,9,1024
Closure101,1005,4365,0.23024054982817868,formula-zoltar,9,1024
Closure102,2503,4201,0.5958105213044513,formula-zoltar,9,719
Closure102,2503,4201,0.5958105213044513,formula-zoltar,9,719
Closure103,78,3515,0.022190611664295874,formula-zoltar,9,2743
Closure103,78,3515,0.022190611664295874,formula-zoltar,9,2743
Closure103,1426,3515,0.4056899004267425,formula-zoltar,9,3080
Closure104,4,1107,0.0036133694670280035,formula-zoltar,9,493
Closure106,49,2996,0.016355140186915886,formula-zoltar,9,120
Closure106,49,2996,0.016355140186915886,formula-zoltar,9,1891
Closure106,237,2996,0.07910547396528705,formula-zoltar,9,180
Closure108,1,5016,0.00019936204146730463,formula-zoltar,9,4835
Closure108,1,5016,0.00019936204146730463,formula-zoltar,9,4835
Closure108,1,5016,0.00019936204146730463,formula-zoltar,9,4835
Closure108,1,5016,0.00019936204146730463,formula-zoltar,9,4835
Closure109,34,2184,0.015567765567765568,formula-zoltar,9,134
Closure110,1,5042,0.00019833399444664816,formula-zoltar,9,4857
Closure110,1,5042,0.00019833399444664816,formula-zoltar,9,4857
Closure110,1,5042,0.00019833399444664816,formula-zoltar,9,4857
Closure110,1,5042,0.00019833399444664816,formula-zoltar,9,4857
Closure110,938,5042,0.18603728679095596,formula-zoltar,9,912
Closure110,1,5042,0.00019833399444664816,formula-zoltar,9,4857
Closure110,1,5042,0.00019833399444664816,formula-zoltar,9,4857
Closure110,1,5042,0.00019833399444664816,formula-zoltar,9,4857
Closure110,1,5042,0.00019833399444664816,formula-zoltar,9,4857
Closure110,1,5042,0.00019833399444664816,formula-zoltar,9,4857
Closure110,1,5042,0.00019833399444664816,formula-zoltar,9,4857
Closure110,1,5042,0.00019833399444664816,formula-zoltar,9,4857
Closure110,1,5042,0.00019833399444664816,formula-zoltar,9,4857
Closure111,2,4285,0.0004667444574095683,formula-zoltar,9,3647
Closure112,46,5003,0.009194483310013992,formula-zoltar,9,2670
Closure112,46,5003,0.009194483310013992,formula-zoltar,9,2670
Closure113,10,4536,0.002204585537918871,formula-zoltar,9,1081
Closure114,65,4733,0.013733361504331291,formula-zoltar,9,139
Closure115,32,4752,0.006734006734006734,formula-zoltar,9,370
Closure115,32,4752,0.006734006734006734,formula-zoltar,9,370
Closure115,32,4752,0.006734006734006734,formula-zoltar,9,370
Closure115,32,4752,0.006734006734006734,formula-zoltar,9,370
Closure115,32,4752,0.006734006734006734,formula-zoltar,9,370
Closure115,32,4752,0.006734006734006734,formula-zoltar,9,370
Closure115,32,4752,0.006734006734006734,formula-zoltar,9,370
Closure115,32,4752,0.006734006734006734,formula-zoltar,9,370
Closure115,32,4752,0.006734006734006734,formula-zoltar,9,370
Closure115,32,4752,0.006734006734006734,formula-zoltar,9,370
Closure115,32,4752,0.006734006734006734,formula-zoltar,9,370
Closure116,35,5202,0.0067281814686658975,formula-zoltar,9,104
Closure116,35,5202,0.0067281814686658975,formula-zoltar,9,104
Closure117,15,4954,0.0030278562777553493,formula-zoltar,9,4592
Closure117,15,4954,0.0030278562777553493,formula-zoltar,9,4592
Closure117,21,4954,0.004238998788857489,formula-zoltar,9,2275
Closure117,21,4954,0.004238998788857489,formula-zoltar,9,2275
Closure117,21,4954,0.004238998788857489,formula-zoltar,9,2275
Closure117,25,4954,0.005046427129592248,formula-zoltar,9,4845
Closure117,25,4954,0.005046427129592248,formula-zoltar,9,4845
Closure117,25,4954,0.005046427129592248,formula-zoltar,9,4845
Closure117,46,4954,0.009285425918449738,formula-zoltar,9,4845
Closure117,46,4954,0.009285425918449738,formula-zoltar,9,4845
Closure117,46,4954,0.009285425918449738,formula-zoltar,9,4845
Closure117,15,4954,0.0030278562777553493,formula-zoltar,9,4592
Closure117,15,4954,0.0030278562777553493,formula-zoltar,9,4592
Closure118,1,5290,0.0001890359168241966,formula-zoltar,9,3800
Closure119,164,5034,0.03257846642828764,formula-zoltar,9,3275
Closure120,61,4504,0.013543516873889876,formula-zoltar,9,3813
Closure121,34,4528,0.007508833922261484,formula-zoltar,9,2845
Closure121,34,4528,0.007508833922261484,formula-zoltar,9,2845
Closure122,7,1644,0.004257907542579075,formula-zoltar,9,1245
Closure123,1,3960,0.0002525252525252525,formula-zoltar,9,186
Closure124,70,4453,0.01571973950145969,formula-zoltar,9,132
Closure124,70,4453,0.01571973950145969,formula-zoltar,9,132
Closure125,152,4932,0.030819140308191405,formula-zoltar,9,1807
Closure126,55,4355,0.012629161882893225,formula-zoltar,9,3836
Closure126,55,4355,0.012629161882893225,formula-zoltar,9,3836
Closure126,55,4355,0.012629161882893225,formula-zoltar,9,3836
Closure126,55,4355,0.012629161882893225,formula-zoltar,9,3836
Closure127,116,4392,0.026411657559198543,formula-zoltar,9,4231
Closure127,116,4392,0.026411657559198543,formula-zoltar,9,4231
Closure128,10,3810,0.0026246719160104987,formula-zoltar,9,3705
Closure128,10,3810,0.0026246719160104987,formula-zoltar,9,3705
Closure129,2402,5640,0.425886524822695,formula-zoltar,9,1293
Closure130,94,4833,0.019449617214980345,formula-zoltar,9,4092
Closure131,71,4208,0.016872623574144485,formula-zoltar,9,3354
Closure131,71,4208,0.016872623574144485,formula-zoltar,9,3354
Closure132,72,4284,0.01680672268907563,formula-zoltar,9,623
Closure133,261,1993,0.13095835423983943,formula-zoltar,9,266
